El nummer,ArtNr,Name,Voltage,Effect,MainSpec,Length,Area,Width,Weight,R_min,R_max,R_nom,Skjøt,El-number,Type,tags,isMat,self_limiting,per_meter,inside,outside
1036601,10022330,TKXP/2R 200/17,230,200,17,"11,8",,,"2,6","251,3","291,0","264,5",,1036601,TKXP/2R,"low_profile, frost_protection, frost_protection_pipe",FALSE,FALSE,FALSE,TRUE,TRUE
1036602,10022331,TKXP/2R 300/17,230,300,17,"17,6",,,"3,6","167,5","193,9","176,3",,1036602,TKXP/2R,"low_profile, frost_protection, frost_protection_pipe",FALSE,FALSE,FALSE,TRUE,TRUE
1036604,10022336,TKXP/2R 400/17,230,400,17,"23,5",,,"4,5","125,7","145,5","132,3",,1036604,TKXP/2R,"low_profile, frost_protection, frost_protection_pipe",FALSE,FALSE,FALSE,TRUE,TRUE
1036603,10022337,TKXP/2R 500/17,230,500,17,"29,4",,,"5,5","100,5","116,4","105,8",,1036603,TKXP/2R,"low_profile, frost_protection, frost_protection_pipe",FALSE,FALSE,FALSE,TRUE,TRUE
1036606,10022338,TKXP/2R 600/17,230,600,17,"35,2",,,"6,5","83,8","97,0","88,2",,1036606,TKXP/2R,"low_profile, frost_protection, frost_protection_pipe",FALSE,FALSE,FALSE,TRUE,TRUE
1036605,10022339,TKXP/2R 700/17,230,700,17,"41,0",,,"7,4","71,8","83,2","75,6",,1036605,TKXP/2R,"low_profile, frost_protection, frost_protection_pipe",FALSE,FALSE,FALSE,TRUE,TRUE
1036608,10022340,TKXP/2R 840/17,230,840,17,"49,7",,,"8,8","59,9","69,3","63,0",,1036608,TKXP/2R,"low_profile, frost_protection, frost_protection_pipe",FALSE,FALSE,FALSE,TRUE,TRUE
1036607,10022332,TKXP/2R 1000/17,230,1000,17,"58,3",,,"10,3","50,3","58,2","52,9",,1036607,TKXP/2R,"low_profile, frost_protection, frost_protection_pipe",FALSE,FALSE,FALSE,TRUE,TRUE
1036609,10022333,TKXP/2R 1250/17,230,1250,17,"72,4",,,"12,8","40,2","46,5","42,3",,1036609,TKXP/2R,"low_profile, frost_protection, frost_protection_pipe",FALSE,FALSE,FALSE,TRUE,TRUE
1036610,10022334,TKXP/2R 1370/17,230,1370,17,"80,8",,,"14,0","36,7","42,5","38,6",,1036610,TKXP/2R,"low_profile, frost_protection, frost_protection_pipe",FALSE,FALSE,FALSE,TRUE,TRUE
1036615,10235701,TKXP/2R 1500/17,230,1500,17,"88,3",,,"15,4","33,5","38,8","35,3",,1036615,TKXP/2R,"low_profile, frost_protection, frost_protection_pipe",FALSE,FALSE,FALSE,TRUE,TRUE
1036611,10022335,TKXP/2R 1700/17,230,1700,17,"100,0",,,"17,4","29,5","34,2","31,1",,1036611,TKXP/2R,"low_profile, frost_protection, frost_protection_pipe",FALSE,FALSE,FALSE,TRUE,TRUE
1036530,10022342,TKXP/2R 230/10,230,230,10,"22,8",,,"4,0",,,"230,0",,1036530,TKXP/2R,"low_profile, frost_protection, frost_protection_pipe",FALSE,FALSE,FALSE,TRUE,TRUE
1036532,10022343,TKXP/2R 380/10,230,380,10,"38,3",,,"6,3",,,"139,2",,1036532,TKXP/2R,"low_profile, frost_protection, frost_protection_pipe",FALSE,FALSE,FALSE,TRUE,TRUE
1036534,10022344,TKXP/2R 530/10,230,530,10,"53,4",,,"8,5",,,"99,8",,1036534,TKXP/2R,"low_profile, frost_protection, frost_protection_pipe",FALSE,FALSE,FALSE,TRUE,TRUE
1036535,10089004,TKXP/2R 650/10,230,650,10,"65,0",,,"10,0",,,"81,4",,1036535,TKXP/2R,"low_profile, frost_protection, frost_protection_pipe",FALSE,FALSE,FALSE,TRUE,TRUE
1036536,10022345,TKXP/2R 760/10,230,760,10,"76,0",,,"12,0",,,"69,6",,1036536,TKXP/2R,"low_profile, frost_protection, frost_protection_pipe",FALSE,FALSE,FALSE,TRUE,TRUE
1036538,10022346,TKXP/2R 940/10,230,940,10,"94,4",,,"14,9",,,"56,3",,1036538,TKXP/2R,"low_profile, frost_protection, frost_protection_pipe",FALSE,FALSE,FALSE,TRUE,TRUE
1036540,10022341,TKXP/2R 1050/10,230,1050,10,"105,4",,,"16,6",,,"50,4",,1036540,TKXP/2R,"low_profile, frost_protection, frost_protection_pipe",FALSE,FALSE,FALSE,TRUE,TRUE
1036541,10118074,Xtreme 300/17,230,300,17,"17,6",,,"3,7",,,"176,3",,1036541,Xtreme,,FALSE,FALSE,FALSE,TRUE,FALSE
1036542,10118075,Xtreme 400/17,230,400,17,"23,5",,,"4,7",,,"132,3",,1036542,Xtreme,,FALSE,FALSE,FALSE,TRUE,FALSE
1036543,10118076,Xtreme 500/17,230,500,17,"29,3",,,"5,7",,,"105,8",,1036543,Xtreme,,FALSE,FALSE,FALSE,TRUE,FALSE
1036544,10118077,Xtreme 600/17,230,600,17,"35,2",,,"6,7",,,"88,2",,1036544,Xtreme,,FALSE,FALSE,FALSE,TRUE,FALSE
1036545,10118079,Xtreme 700/17,230,700,17,"41,0",,,"7,0",,,"75,6",,1036545,Xtreme,,FALSE,FALSE,FALSE,TRUE,FALSE
1036546,10118080,Xtreme 840/17,230,840,17,"49,7",,,"9,0",,,"63,0",,1036546,Xtreme,,FALSE,FALSE,FALSE,TRUE,FALSE
1036547,10118081,Xtreme 1000/17,230,1000,17,"58,3",,,"10,5",,,"52,9",,1036547,Xtreme,,FALSE,FALSE,FALSE,TRUE,FALSE
1036640,10224120,TXLP/2R Nordic 200/17,230,200,17,"11,8",,,"1,1",,,"264,5",,1036640,TXLP/2R Nordic,"low_profile, frost_protection, frost_protection_pipe",FALSE,FALSE,FALSE,TRUE,FALSE
1036642,10224185,TXLP/2R Nordic 300/17,230,300,17,"17,6",,,"1,4",,,"176,3",,1036642,TXLP/2R Nordic,"low_profile, frost_protection, frost_protection_pipe",FALSE,FALSE,FALSE,TRUE,TRUE
1036644,10224186,TXLP/2R Nordic 400/17,230,400,17,"23,5",,,"1,8",,,"132,3",,1036644,TXLP/2R Nordic,"low_profile, frost_protection, frost_protection_pipe",FALSE,FALSE,FALSE,TRUE,TRUE
1036646,10224187,TXLP/2R Nordic 500/17,230,500,17,"29,3",,,"2,2",,,"105,8",,1036646,TXLP/2R Nordic,"low_profile, frost_protection, frost_protection_pipe",FALSE,FALSE,FALSE,TRUE,TRUE
1036648,10224188,TXLP/2R Nordic 600/17,230,600,17,"35,2",,,"2,6",,,"88,2",,1036648,TXLP/2R Nordic,"low_profile, frost_protection, frost_protection_pipe",FALSE,FALSE,FALSE,TRUE,TRUE
1036650,10224189,TXLP/2R Nordic 700/17,230,700,17,"41,0",,,"2,9",,,"75,6",,1036650,TXLP/2R Nordic,"low_profile, frost_protection, frost_protection_pipe",FALSE,FALSE,FALSE,TRUE,TRUE
1036652,10224190,TXLP/2R Nordic 840/17,230,840,17,"49,7",,,"3,5",,,"63,0",,1036652,TXLP/2R Nordic,"low_profile, frost_protection, frost_protection_pipe",FALSE,FALSE,FALSE,TRUE,TRUE
1036654,10224191,TXLP/2R Nordic 1000/17,230,1000,17,"58,3",,,"4,1",,,"52,9",,1036654,TXLP/2R Nordic,"low_profile, frost_protection, frost_protection_pipe",FALSE,FALSE,FALSE,TRUE,TRUE
1036656,10224192,TXLP/2R Nordic 1250/17,230,1250,17,"72,4",,,"5,0",,,"42,3",,1036656,TXLP/2R Nordic,"low_profile, frost_protection, frost_protection_pipe",FALSE,FALSE,FALSE,TRUE,TRUE
1036658,10224193,TXLP/2R Nordic 1370/17,230,1370,17,"80,8",,,"5,3",,,"38,6",,1036658,TXLP/2R Nordic,"low_profile, frost_protection, frost_protection_pipe",FALSE,FALSE,FALSE,TRUE,TRUE
1036659,10263199,TXLP/2R Nordic 1500/17,230,1500,17,"88,3",,,"6,1",,,"35,3",,1036659,TXLP/2R Nordic,"low_profile, frost_protection, frost_protection_pipe",FALSE,FALSE,FALSE,TRUE,TRUE
1036660,10224204,TXLP/2R Nordic 1700/17,230,1700,17,"100,0",,,"6,7",,,"31,1",,1036660,TXLP/2R Nordic,"low_profile, frost_protection, frost_protection_pipe",FALSE,FALSE,FALSE,TRUE,TRUE
1036662,10224205,TXLP/2R Nordic 2100/17,230,2100,17,"123,7",,,"8,0",,,"25,2",,1036662,TXLP/2R Nordic,"low_profile, frost_protection, frost_protection_pipe",FALSE,FALSE,FALSE,TRUE,TRUE
1036664,10224206,TXLP/2R Nordic 2600/17,230,2600,17,"154,5",,,"9,7",,,"20,3",,1036664,TXLP/2R Nordic,"low_profile, frost_protection, frost_protection_pipe",FALSE,FALSE,FALSE,TRUE,TRUE
1036666,10224207,TXLP/2R Nordic 3300/17,230,3300,17,"194,0",,,"12,1",,,"16,0",,1036666,TXLP/2R Nordic,"low_profile, frost_protection, frost_protection_pipe",FALSE,FALSE,FALSE,TRUE,TRUE
1036514,10224179,TXLP/2R Nordic 230/10,230,230,10,"23,0",,,"1,7",,,"230,0",,1036514,TXLP/2R Nordic,"low_profile, frost_protection, frost_protection_pipe",FALSE,FALSE,FALSE,TRUE,TRUE
1036515,10224180,TXLP/2R Nordic 380/10,230,380,10,"38,3",,,"2,7",,,"139,2",,1036515,TXLP/2R Nordic,"low_profile, frost_protection, frost_protection_pipe",FALSE,FALSE,FALSE,TRUE,TRUE
1036516,10224181,TXLP/2R Nordic 530/10,230,530,10,"53,4",,,"3,5",,,"99,8",,1036516,TXLP/2R Nordic,"low_profile, frost_protection, frost_protection_pipe",FALSE,FALSE,FALSE,TRUE,TRUE
1036533,10224182,TXLP/2R Nordic 650/10,230,650,10,"64,8",,,"4,2",,,"81,4",,1036533,TXLP/2R Nordic,"low_profile, frost_protection, frost_protection_pipe",FALSE,FALSE,FALSE,TRUE,TRUE
1036517,10224183,TXLP/2R Nordic 760/10,230,760,10,"76,0",,,"5,0",,,"69,6",,1036517,TXLP/2R Nordic,"low_profile, frost_protection, frost_protection_pipe",FALSE,FALSE,FALSE,TRUE,TRUE
1036518,10224224,TXLP/2R Nordic 940/10,230,940,10,"94,4",,,"6,3",,,"56,3",,1036518,TXLP/2R Nordic,"low_profile, frost_protection, frost_protection_pipe",FALSE,FALSE,FALSE,TRUE,TRUE
1036519,10224225,TXLP/2R Nordic 1050/10,230,1050,10,"105,4",,,"6,7",,,"50,4",,1036519,TXLP/2R Nordic,"low_profile, frost_protection, frost_protection_pipe",FALSE,FALSE,FALSE,TRUE,TRUE
1036520,10224226,TXLP/2R Nordic 1300/10,230,1300,10,"130,4",,,"8,5",,,"40,7",,1036520,TXLP/2R Nordic,"low_profile, frost_protection, frost_protection_pipe",FALSE,FALSE,FALSE,TRUE,TRUE
1036521,10224227,TXLP/2R Nordic 1610/10,230,1610,10,"161,3",,,"10,4",,,"32,9",,1036521,TXLP/2R Nordic,"low_profile, frost_protection, frost_protection_pipe",FALSE,FALSE,FALSE,TRUE,TRUE
1034219,10127990,Millicable 120/6,230,120,6,20,,,,,,"440,8",Formstøpt,1034219,Millicable,low_profile,FALSE,FALSE,FALSE,TRUE,FALSE
1036512,10196901,Millicable 180/6,230,180,6,30,,,,,,"293,9",Formstøpt,1036512,Millicable,low_profile,FALSE,FALSE,FALSE,TRUE,FALSE
1034230,10264858,Millicable/2 235/6 (HS),230,235,6,40,,,,,,"226,5",Skjult,1034230,Millicable/2,low_profile,FALSE,FALSE,FALSE,TRUE,FALSE
1034232,10264859,Millicable/2 290/6 (HS),230,290,6,50,,,,,,"182,0",Skjult,1034232,Millicable/2,low_profile,FALSE,FALSE,FALSE,TRUE,FALSE
1034221,10264860,Millicable/2 355/6 (HS),230,355,6,60,,,,,,"151,0",Skjult,1034221,Millicable/2,low_profile,FALSE,FALSE,FALSE,TRUE,FALSE
1034234,10264861,Millicable/2 400/6 (HS),230,400,6,70,,,,,,"131,5",Skjult,1034234,Millicable/2,low_profile,FALSE,FALSE,FALSE,TRUE,FALSE
1034236,10264862,Millicable/2 510/6 (HS),230,510,6,85,,,,,,"102,7",Skjult,1034236,Millicable/2,low_profile,FALSE,FALSE,FALSE,TRUE,FALSE
1034223,10264863,Millicable/2 575/6 (HS),230,575,6,100,,,,,,"91,8",Skjult,1034223,Millicable/2,low_profile,FALSE,FALSE,FALSE,TRUE,FALSE
1034225,10264894,Millicable/2 690/6 (HS),230,690,6,120,,,,,,"75,2",Skjult,1034225,Millicable/2,low_profile,FALSE,FALSE,FALSE,TRUE,FALSE
1034238,10264895,Millicable/2 880/6 (HS),230,880,6,140,,,,,,"59,7",Skjult,1034238,Millicable/2,low_profile,FALSE,FALSE,FALSE,TRUE,FALSE
1034240,10264896,Millicable/2 930/6 (HS),230,930,6,160,,,,,,"57,0",Skjult,1034240,Millicable/2,low_profile,FALSE,FALSE,FALSE,TRUE,FALSE
1034242,10264898,Millicable/2 1070/6 (HS),230,1070,6,180,,,,,,"49,7",Skjult,1034242,Millicable/2,low_profile,FALSE,FALSE,FALSE,TRUE,FALSE
1034227,10264901,Millicable/2 1170/6 (HS),230,1170,6,200,,,,,,"44,4",Skjult,1034227,Millicable/2,low_profile,FALSE,FALSE,FALSE,TRUE,FALSE
1036680,10092292,Defrost snow/2R 640/28,230,640,28,"22,9",,,"2,1",,,"78,6",,1036680,Defrost snow/2R,defrost,FALSE,FALSE,FALSE,FALSE,TRUE
1036684,10092293,Defrost snow/2R 890/28,230,890,28,"31,9",,,"2,6",,,"56,4",,1036684,Defrost snow/2R,defrost,FALSE,FALSE,FALSE,FALSE,TRUE
1036685,10092324,Defrost snow/2R 1270/28,230,1270,28,"45,4",,,"3,6",,,"39,6",,1036685,Defrost snow/2R,defrost,FALSE,FALSE,FALSE,FALSE,TRUE
1036687,10092325,Defrost snow/2R 1900/28,230,1900,28,"68,1",,,"4,9",,,"26,4",,1036687,Defrost snow/2R,defrost,FALSE,FALSE,FALSE,FALSE,TRUE
1036689,10082427,Defrost snow/2R 2700/28,230,2700,28,"96,4",,,"6,7",,,"18,6",,1036689,Defrost snow/2R,defrost,FALSE,FALSE,FALSE,FALSE,TRUE
1036691,10070744,Defrost snow/2R 3400/28,230,3400,28,"116,8",,,"8,1",,,"14,8",,1036691,Defrost snow/2R,defrost,FALSE,FALSE,FALSE,FALSE,TRUE
10 342 02,10035242,"Snowmat 300 1100W 0,4x9m",230,1100,300,"9,1","3,6","0,4","3,2",,,"48,1",,1034202,Snowmat 300,defrost,TRUE,FALSE,FALSE,FALSE,TRUE
10 342 04,10035243,"Snowmat 300 1500W 0,4x12m",230,1500,300,"12,1","4,8","0,4","4,1",,,"35,3",,1034204,Snowmat 300,defrost,TRUE,FALSE,FALSE,FALSE,TRUE
10 342 06,10035244,"Snowmat 300 1800W 0,4x14,5M",230,1800,300,"14,7","5,9","0,4","4,9",,,"29,4",,1034206,Snowmat 300,defrost,TRUE,FALSE,FALSE,FALSE,TRUE
10 342 08,10035245,"Snowmat 300 2150W 0,4x17,5m",230,2150,300,"17,4",7,"0,4","5,8",,,"24,6",,1034208,Snowmat 300,defrost,TRUE,FALSE,FALSE,FALSE,TRUE
10 342 10,10035246,"Snowmat 300 2600W 0,8x11m",230,2600,300,"11,1","8,9","0,8","6,9",,,"20,4",,1034210,Snowmat 300,defrost,TRUE,FALSE,FALSE,FALSE,TRUE
10 342 12,10035249,"Snowmat 300 3300W 0,8x13,9m",230,3300,300,14,"11,2","0,8","8,5",,,"16,0",,1034212,Snowmat 300,defrost,TRUE,FALSE,FALSE,FALSE,TRUE
10 081 61,10143274,"Millimat/100 100W 1,0m²",230,100,100,2,1,"0,5","0,7",,,"531,6",,1008161,Millimat,low_profile,TRUE,FALSE,FALSE,TRUE,FALSE
10 081 62,10143276,"Millimat/100 150W 1,5m²",230,150,100,3,"1,5","0,5","0,9",,,"352,7",,1008162,Millimat,low_profile,TRUE,FALSE,FALSE,TRUE,FALSE
10 081 63,10143277,"Millimat/100 200W 2,0m²",230,200,100,4,2,"0,5","1,2",,,"264,5",,1008163,Millimat,low_profile,TRUE,FALSE,FALSE,TRUE,FALSE
10 081 64,10143278,"Millimat/100 250W 2,5m²",230,250,100,5,"2,5","0,5","1,4",,,"211,6",,1008164,Millimat,low_profile,TRUE,FALSE,FALSE,TRUE,FALSE
10 365 02,10143279,Millimat/100 300W 3m²,230,300,100,6,3,"0,5","1,7",,,"176,3",,1036502,Millimat,low_profile,TRUE,FALSE,FALSE,TRUE,FALSE
10 365 03,10167423,"Millimat/100 350W 3,5 m² (HS)",230,350,100,7,"3,5","0,5","1,9",,,"151,1",,1036503,Millimat,low_profile,TRUE,FALSE,FALSE,TRUE,FALSE
10 365 04,10167644,"Millimat/100 400W 4,0 m² (HS)",230,400,100,8,4,"0,5","2,3",,,"132,3",,1036504,Millimat,low_profile,TRUE,FALSE,FALSE,TRUE,FALSE
10 365 05,10167645,"Millimat/100 500W 5,0 m² (HS)",230,500,100,10,5,"0,5","2,8",,,"105,8",,1036505,Millimat,low_profile,TRUE,FALSE,FALSE,TRUE,FALSE
10 365 06,10167646,"Millimat/100 600W 6,0 m² (HS)",230,600,100,12,6,"0,5","3,5",,,"88,2",,1036506,Millimat,low_profile,TRUE,FALSE,FALSE,TRUE,FALSE
10 365 07,10167647,"Millimat/100 700W 7,0 m² (HS)",230,700,100,14,7,"0,5","3,9",,,"75,6",,1036507,Millimat,low_profile,TRUE,FALSE,FALSE,TRUE,FALSE
10 365 08,10167648,"Millimat/100 800W 8,0 m² (HS)",230,800,100,16,8,"0,5","4,6",,,"66,0",,1036508,Millimat,low_profile,TRUE,FALSE,FALSE,TRUE,FALSE
10 365 10,10167649,"Millimat/100 1000W 10,0 m² (HS)",230,1000,100,20,10,"0,5","5,7",,,"52,9",,1036510,Millimat,low_profile,TRUE,FALSE,FALSE,TRUE,FALSE
10 365 11,10167650,"Millimat/100 1200W 12,0 m² (HS)",230,1200,100,24,12,"0,5","7,2",,,"44,1",,1036511,Millimat,low_profile,TRUE,FALSE,FALSE,TRUE,FALSE
10 081 65,10224766,"Millimat/150 150W 1,0m²",230,150,150,2,1,"0,5","1,1",,,"360,7",,1008165,Millimat,low_profile,TRUE,FALSE,FALSE,TRUE,FALSE
10 081 66,10224783,"Millimat/150 225W 1,5m²",230,225,150,3,"1,5","0,5","1,8",,,"235,1",,1008166,Millimat,low_profile,TRUE,FALSE,FALSE,TRUE,FALSE
10 365 22,10224784,Millimat/150 300W 2m²,230,300,150,4,2,"0,5","1,5",,,"176,3",,1036522,Millimat,low_profile,TRUE,FALSE,FALSE,TRUE,FALSE
10 365 23,10224785,"Millimat/150 375W 2,5m² (HS)",230,375,150,5,"2,5","0,5","1,7",,,"141,1",,1036523,Millimat,low_profile,TRUE,FALSE,FALSE,TRUE,FALSE
10 365 24,10224786,Millimat/150 450W 3m² (HS),230,450,150,6,3,"0,5","2,2",,,"117,6",,1036524,Millimat,low_profile,TRUE,FALSE,FALSE,TRUE,FALSE
10 365 25,10224787,"Millimat/150 525W 3,5m² (HS)",230,525,150,7,"3,5","0,5","2,4",,,"100,8",,1036525,Millimat,low_profile,TRUE,FALSE,FALSE,TRUE,FALSE
10 365 26,10224788,Millimat/150 600W 4m² (HS),230,600,150,8,4,"0,5","2,9",,,"88,2",,1036526,Millimat,low_profile,TRUE,FALSE,FALSE,TRUE,FALSE
10 365 27,10224789,Millimat/150 750W 5m² (HS),230,750,150,10,5,"0,5","3,4",,,"70,5",,1036527,Millimat,low_profile,TRUE,FALSE,FALSE,TRUE,FALSE
10 365 28,10224790,Millimat/150 900W 6m² (HS),230,900,150,12,6,"0,5","4,4",,,"58,8",,1036528,Millimat,low_profile,TRUE,FALSE,FALSE,TRUE,FALSE
10 365 29,10224791,Millimat/150 1050W 7m² (HS),230,1050,150,14,7,"0,5",5,,,"50,4",,1036529,Millimat,low_profile,TRUE,FALSE,FALSE,TRUE,FALSE
10 365 31,10224792,Millimat/150 1200W 8m² (HS),230,1200,150,16,8,"0,5","5,9",,,"44,1",,1036531,Millimat,low_profile,TRUE,FALSE,FALSE,TRUE,FALSE
10 081 67,10224793,"Millimat/150 1500W 10,0m² (HS)",230,1500,150,20,10,"0,5",7,,,"35,3",,1008167,Millimat,low_profile,TRUE,FALSE,FALSE,TRUE,FALSE
10 081 68,10224794,"Millimat/150 1800W 12,0m² (HS)",230,1800,150,24,12,"0,5",9,,,"29,4",,1008168,Millimat,low_profile,TRUE,FALSE,FALSE,TRUE,FALSE
1008196,10264907,Defrost Flex 7-12W/m 230-500V,230,,7,,,,"0,73",,"7103,714286","7557,142857","4628,75",1008196,Defrost Flex,frost_protection_pipe,FALSE,FALSE,TRUE,TRUE,TRUE
1008197,10229832,Timematte 1x3m 1000W/230V,230,1000,,3,3,"1,00",11,,,"52,9",,1008197,Timematte,"Schuco, defrost",TRUE,FALSE,FALSE,FALSE,TRUE
1036125,10022318,"TKXP 1-Leder 0,05 Ohm/m",500,,,,,"0,67","13,6",,,"0,05",,1036125,"TKXP 1-Leder 0,05 Ohm/m","low_profile, frost_protection, frost_protection_pipe",FALSE,FALSE,TRUE,TRUE,TRUE
1036126,10022316,"TKXP 1-Leder 0,07 Ohm/m",500,,,,,"0,64","12,5",,,"0,07",,1036126,"TKXP 1-Leder 0,07 Ohm/m","low_profile, frost_protection, frost_protection_pipe",FALSE,FALSE,TRUE,TRUE,TRUE
1036124,10022319,"TKXP 1-Leder 0,09 Ohm/m",500,,,,,"0,63","12,3",,,"0,09",,1036124,"TKXP 1-Leder 0,09 Ohm/m","low_profile, frost_protection, frost_protection_pipe",FALSE,FALSE,TRUE,TRUE,TRUE
1036115,10022321,"TKXP 1-Leder 0,13 Ohm/m",500,,,,,"0,67","12,9",,,"0,13",,1036115,"TKXP 1-Leder 0,13 Ohm/m","low_profile, frost_protection, frost_protection_pipe",FALSE,FALSE,TRUE,TRUE,TRUE
1036123,10022313,"TKXP 1-Leder 0,2 Ohm/m",500,,,,,"0,63","12,2",,,"0,2",,1036123,"TKXP 1-Leder 0,2 Ohm/m","low_profile, frost_protection, frost_protection_pipe",FALSE,FALSE,TRUE,TRUE,TRUE
1036130,10022314,"TKXP 1-Leder 0,3 Ohm/m",500,,,,,"0,64","12,1",,,"0,3",,1036130,"TKXP 1-Leder 0,3 Ohm/m","low_profile, frost_protection, frost_protection_pipe",FALSE,FALSE,TRUE,TRUE,TRUE
1036122,10022315,"TKXP 1-Leder 0,49 Ohm/m",500,,,,,"0,64","12,5",,,"0,49",,1036122,"TKXP 1-Leder 0,49 Ohm/m","low_profile, frost_protection, frost_protection_pipe",FALSE,FALSE,TRUE,TRUE,TRUE
1036118,10022317,"TKXP 1-Leder 0,7 Ohm/m",500,,,,,"0,64","11,8",,,"0,7",,1036118,"TKXP 1-Leder 0,7 Ohm/m","low_profile, frost_protection, frost_protection_pipe",FALSE,FALSE,TRUE,TRUE,TRUE
1036114,10022320,"TKXP 1-Leder 1,0 Ohm/m",500,,,,,"0,63","12,1",,,1,,1036114,"TKXP 1-Leder 1,0 Ohm/m","low_profile, frost_protection, frost_protection_pipe",FALSE,FALSE,TRUE,TRUE,TRUE
1036110,10022322,"TKXP 1-Leder 1,4 Ohm/m",500,,,,,"0,67","11,5",,,"1,41",,1036110,"TKXP 1-Leder 1,4 Ohm/m","low_profile, frost_protection, frost_protection_pipe",FALSE,FALSE,TRUE,TRUE,TRUE
1008180,10156607,"TXLP 1-Leder 0,05 Ohm/m",500,,,,,"0,63","5,8",,,"0,05",,1008180,"TXLP 1-Leder 0,05 Ohm/m","low_profile, frost_protection, frost_protection_pipe",FALSE,FALSE,TRUE,TRUE,TRUE
1008181,10156608,"TXLP 1-Leder 0,07 Ohm/m",500,,,,,"0,61","5,3",,,"0,07",,1008181,"TXLP 1-Leder 0,07 Ohm/m","low_profile, frost_protection, frost_protection_pipe",FALSE,FALSE,TRUE,TRUE,TRUE
1008182,10156609,"TXLP 1-Leder 0,09 Ohm/m",500,,,,,"0,63","5,3",,,"0,09",,1008182,"TXLP 1-Leder 0,09 Ohm/m","low_profile, frost_protection, frost_protection_pipe",FALSE,FALSE,TRUE,TRUE,TRUE
1008183,10156610,"TXLP 1-Leder 0,13 Ohm/m",500,,,,,"0,65","5,6",,,"0,13",,1008183,"TXLP 1-Leder 0,13 Ohm/m","low_profile, frost_protection, frost_protection_pipe",FALSE,FALSE,TRUE,TRUE,TRUE
1008184,10156611,"TXLP 1-Leder 0,2 Ohm/m",500,,,,,"0,61","5,3",,,"0,2",,1008184,"TXLP 1-Leder 0,2 Ohm/m","low_profile, frost_protection, frost_protection_pipe",FALSE,FALSE,TRUE,TRUE,TRUE
1008185,10156612,"TXLP 1-Leder 0,3 Ohm/m",500,,,,,"0,60","5,3",,,"0,3",,1008185,"TXLP 1-Leder 0,3 Ohm/m","low_profile, frost_protection, frost_protection_pipe",FALSE,FALSE,TRUE,TRUE,TRUE
1008186,10156613,"TXLP 1-Leder 0,49 Ohm/m",500,,,,,"0,60","5,3",,,"0,49",,1008186,"TXLP 1-Leder 0,49 Ohm/m","low_profile, frost_protection, frost_protection_pipe",FALSE,FALSE,TRUE,TRUE,TRUE
1008187,10156644,"TXLP 1-Leder 0,7 Ohm/m",500,,,,,"0,69","5,1",,,"0,7",,1008187,"TXLP 1-Leder 0,7 Ohm/m","low_profile, frost_protection, frost_protection_pipe",FALSE,FALSE,TRUE,TRUE,TRUE
1008188,10156645,"TXLP 1-Leder 1,0 Ohm/m",500,,,,,"0,63","5,2",,,1,,1008188,"TXLP 1-Leder 1,0 Ohm/m","low_profile, frost_protection, frost_protection_pipe",FALSE,FALSE,TRUE,TRUE,TRUE
1008189,10156646,"TXLP 1-Leder 1,4 Ohm/m",500,,,,,"0,63",5,,,"1,4",,1008189,"TXLP 1-Leder 1,4 Ohm/m","low_profile, frost_protection, frost_protection_pipe",FALSE,FALSE,TRUE,TRUE,TRUE
1008190,10156647,"TXLP 1-Leder 2,5 Ohm/m",500,,,,,"0,61","5,1",,,"2,5",,1008190,"TXLP 1-Leder 2,5 Ohm/m","low_profile, frost_protection, frost_protection_pipe",FALSE,FALSE,TRUE,TRUE,TRUE
1008191,10156648,"TXLP 1-Leder 3,5 Ohm/m",500,,,,,"0,61","4,9",,,"3,5",,1008191,"TXLP 1-Leder 3,5 Ohm/m","low_profile, frost_protection, frost_protection_pipe",FALSE,FALSE,TRUE,TRUE,TRUE
1008192,10156649,"TXLP 1-Leder 5,35 Ohm/m",500,,,,,"0,61","4,6",,,"5,35",,1008192,"TXLP 1-Leder 5,35 Ohm/m","low_profile, frost_protection, frost_protection_pipe",FALSE,FALSE,TRUE,TRUE,TRUE
1008193,10156650,"TXLP 1-Leder 7,7 Ohm/m",500,,,,,"0,60","4,6",,,"7,7",,1008193,"TXLP 1-Leder 7,7 Ohm/m","low_profile, frost_protection, frost_protection_pipe",FALSE,FALSE,TRUE,TRUE,TRUE
1008194,10156651,"TXLP 1-Leder 12,7 Ohm/m",500,,,,,"0,63","4,6",,,"12,7",,1008194,"TXLP 1-Leder 12,7 Ohm/m","low_profile, frost_protection, frost_protection_pipe",FALSE,FALSE,TRUE,TRUE,TRUE
1037300,10182113,DEFROST PIPE 10,230,,,,,,"9,1",,,,,1037300,Defrost Pipe 10,"frost_protection_pipe, self_limiting",FALSE,TRUE,TRUE,TRUE,TRUE
1037301,10174809,DEFROST PIPE 15 - AO,230,,,,,,"5,3",,,,,1037301,Defrost Pipe 15 - AO,"frost_protection_pipe, self_limiting",FALSE,TRUE,TRUE,TRUE,TRUE
1037303,10174810,DEFROST PIPE 20 / GUTTER,230,,,,,,"9,1",,,,,1037303,Defrost Pipe 20 / Gutter,"frost_protection_pipe, self_limiting",FALSE,TRUE,TRUE,TRUE,TRUE
1037305,10174811,DEFROST PIPE 30,230,,,,,,"9,1",,,,,1037305,Defrost Pipe 30,"frost_protection_pipe, self_limiting",FALSE,TRUE,TRUE,TRUE,TRUE
1037313,10254904,DEFROST WATER KIT 10m,230,,,10,,,,,,,,1037313,Defrost Water Kit 10m,"frost_protection_pipe, self_limiting, schuco",FALSE,TRUE,FALSE,TRUE,TRUE
1037314,10254905,DEFROST WATER KIT 15m,230,,,15,,,,,,,,1037314,Defrost Water Kit 15m,"frost_protection_pipe, self_limiting, schuco",FALSE,TRUE,FALSE,TRUE,TRUE
1037315,10254906,DEFROST WATER KIT 20m,230,,,20,,,,,,,,1037315,Defrost Water Kit 20m,"frost_protection_pipe, self_limiting, schuco",FALSE,TRUE,FALSE,TRUE,TRUE
1037316,10254907,DEFROST WATER KIT 25m,230,,,25,,,,,,,,1037316,Defrost Water Kit 25m,"frost_protection_pipe, self_limiting, schuco",FALSE,TRUE,FALSE,TRUE,TRUE
1037322,10253081,DEFROST WATER KIT 2m,230,,,2,,,,,,,,1037322,Defrost Water Kit 2m,"frost_protection_pipe, self_limiting, schuco",FALSE,TRUE,FALSE,TRUE,TRUE
1037324,10253082,DEFROST WATER KIT 4m,230,,,4,,,,,,,,1037324,Defrost Water Kit 4m,"frost_protection_pipe, self_limiting, schuco",FALSE,TRUE,FALSE,TRUE,TRUE
1037326,10253083,DEFROST WATER KIT 6m,230,,,6,,,,,,,,1037326,Defrost Water Kit 6m,"frost_protection_pipe, self_limiting, schuco",FALSE,TRUE,FALSE,TRUE,TRUE
1037328,10253104,DEFROST WATER KIT 8m,230,,,8,,,,,,,,1037328,Defrost Water Kit 8m,"frost_protection_pipe, self_limiting, schuco",FALSE,TRUE,FALSE,TRUE,TRUE
1037309,10064795,DEFROST WATER,230,,,,,,,,,,,1037309,Defrost Water,"frost_protection_pipe, self_limiting",FALSE,TRUE,TRUE,TRUE,TRUE
1037307,10196705,WARM WATER PIPE,230,,,,,,,,,,,1037307,Warm Water pipe,warm_pipe,FALSE,TRUE,TRUE,TRUE,TRUE